,g_mag_star,g_mag_star_err,x_astropy,y_astropy,source_ID,star_flux
0,11.2085,0.0012,416.94944194720614,25.49592972056471,3.759067188343882e+18,22333.997010628394
1,11.2123,0.002,238.54679530305043,166.78030238664317,3.7590404564664673e+18,23865.383487380775
2,11.4583,0.001,120.56051323215708,146.535642264599,3.759043136526929e+18,16390.67448110695
3,12.0886,0.0003,39.46365791914489,261.54787458373033,3.759034168635207e+18,11889.26592518805
