,g_mag_star,g_mag_star_err,x_astropy,y_astropy,source_ID,star_flux
0,10.8698,0.0014,119.60619736988178,198.34890426726966,6.322030270158964e+18,271772.3846168456
1,11.562000000000001,0.0016,211.79209385172138,124.35251607158823,6.32203222866399e+18,139855.0902035319
2,11.597000000000001,0.0005,89.26013163508881,39.877900953269595,6.322225021155883e+18,156269.61527192066
3,11.7937,0.0004,110.20976212974963,179.19614081394954,6.322030441957645e+18,140043.15558236127
4,11.904000000000002,0.0003,385.9841817195108,51.67231902109986,6.322055245392252e+18,124673.9699859937
5,14.0722,0.0025,232.17699266484559,244.01010082576596,6.322025391076012e+18,172958.86880767884
6,14.9716,0.002,216.4610586077909,224.67721075889838,6.322026421868174e+18,124335.85327469866
