,g_mag_star,g_mag_star_err,x_astropy,y_astropy,source_ID,star_flux
0,10.8698,0.0014,119.50509181460762,198.2683310617529,6.322030270158964e+18,271529.7457050497
1,11.562000000000001,0.0016,211.69054986893025,124.22344886523383,6.32203222866399e+18,125073.50690735246
2,11.597000000000001,0.0005,89.23726695771629,39.579190260316416,6.322225021155883e+18,142076.49196764934
3,11.7937,0.0004,110.09324877521428,179.0822655713476,6.322030441957645e+18,134858.78272271252
4,11.904000000000002,0.0003,385.90576598076456,51.64983353262657,6.322055245392252e+18,114592.52858968783
5,14.0722,0.0025,232.1005337758258,244.09401513101525,6.322025391076012e+18,179287.30785303435
