,v_mag_star,x_astropy,y_astropy,star_flux,source_ID
0,10.532,116.0,192.0,67861.21802793104,404-051917
1,11.179,238.0,166.0,31848.484232279705,403-053271
2,11.405999999999999,416.0,25.0,27319.0832124514,403-053286
3,11.445,114.0,172.0,33064.744797201936,403-053266
4,12.177,120.0,146.0,22697.410053346754,402-051030
