,v_mag_star,x_astropy,y_astropy,star_flux,source_ID
0,10.425,326.0,204.0,137375.81077288507,411-053332
1,10.828,275.0,47.0,103206.87418049594,411-053328
2,12.404000000000002,355.0,102.0,21711.228385153467,411-053338
3,12.582,244.0,63.0,18060.98521254638,411-053354
4,13.027999999999999,479.0,180.0,16184.04798454814,410-054310
