,v_mag_star,x_astropy,y_astropy,star_flux,source_ID
0,10.927,422.0,61.0,352107.57936869154,410-056359
1,13.243,27.0,24.0,46226.160440584754,409-055481
2,13.25,364.0,209.0,36364.65599132317,409-055502
3,13.311,452.0,74.0,43992.717668594574,409-055499
4,13.413,389.0,67.0,33177.27365037085,409-055506
5,13.5,157.0,232.0,35836.88132073979,408-057660
6,13.503,267.0,48.0,33544.185457310705,408-057704
7,13.8,131.0,263.0,26633.521287868258,408-057673
8,14.019,73.0,199.0,21505.736586576382,408-057668
