,v_mag_star,x_astropy,y_astropy,star_flux,source_ID
0,11.210999999999999,144.0,38.0,316120.9660234018,401-052952
1,13.049000000000001,277.0,203.0,67643.90660569775,401-052999
2,13.755999999999998,89.0,240.0,34883.4719178114,401-052973
3,13.758,289.0,66.0,35690.88596426421,401-052991
4,13.992,386.0,155.0,31596.1010993972,401-052938
5,14.202,60.0,163.0,22888.628304210994,400-052820
6,14.3,413.0,57.0,20999.374535659164,400-052786
7,14.366,108.0,267.0,18498.386976799327,400-052790
