,v_mag_star,x_astropy,y_astropy,star_flux,source_ID
0,11.374,12.0,49.0,311192.4752956051,406-051846
1,12.002,51.0,108.0,201423.5053958721,406-051792
2,12.06,241.0,263.0,176759.36275190779,405-051227
3,12.61,391.0,129.0,135005.2988398758,405-051183
4,12.85,204.0,36.0,87644.88458151087,405-051206
5,12.929,321.0,105.0,81557.96753888007,405-051252
6,13.105,107.0,26.0,92755.42213839912,405-051193
7,13.171,112.0,56.0,69856.65078278621,405-051269
8,13.459000000000001,419.0,10.0,53944.205118114114,404-050204
