,v_mag_star,x_astropy,y_astropy,star_flux,source_ID
0,10.384,399.0,26.0,227094.12963303592,416-051753
1,11.519,74.0,179.0,162727.80013255807,415-051689
2,11.748,468.0,225.0,83095.555256099,415-051639
3,11.97,86.0,167.0,101206.35242005775,415-051641
4,12.554,115.0,35.0,75415.89813801482,415-051699
5,12.892000000000001,457.0,162.0,41738.282578524464,415-051631
6,12.985999999999999,338.0,185.0,48215.5153299752,414-050345
7,13.034,119.0,88.0,46600.06761349237,414-050403
8,13.408,121.0,24.0,33981.20936095871,414-050426
