,v_mag_star,x_astropy,y_astropy,star_flux,source_ID
0,11.228,130.0,104.0,209075.67708779316,406-053013
1,11.662,190.0,221.0,142724.98540873904,405-052449
2,12.049000000000001,98.0,132.0,93516.18760831612,405-052424
3,12.21,56.0,235.0,68858.50427357908,405-052417
4,12.467,95.0,262.0,71267.81457023577,405-052448
5,13.613,339.0,82.0,22835.57666296277,404-051346
6,13.783,290.0,192.0,19206.183824004496,404-051350
7,14.017999999999999,167.0,211.0,16923.69926113259,404-051330
8,15.117,363.0,37.0,15470.656896538034,404-051333
