,v_mag_star,x_astropy,y_astropy,star_flux,source_ID
0,11.083,153.0,168.0,235311.24488061236,406-056841
1,12.27,204.0,33.0,78497.42825089234,406-056818
2,12.359000000000002,233.0,118.0,75476.21152622436,405-056289
3,12.417,197.0,126.0,68047.35699960741,405-056288
4,12.613,441.0,131.0,56648.41487904888,405-056314
5,12.838,224.0,183.0,43146.90647489363,405-056282
6,12.959000000000001,234.0,99.0,38020.89102705397,405-056329
7,13.306,356.0,122.0,29890.931121166195,405-056280
8,13.690999999999999,96.0,33.0,22071.275276722346,405-056286
