,v_mag_star,x_astropy,y_astropy,star_flux,source_ID
0,11.192,208.0,65.0,160725.23061108618,415-055304
1,11.227,45.0,109.0,179972.4343387961,415-055298
2,11.345,210.0,204.0,162902.34783080738,415-055286
3,11.93,129.0,84.0,88312.89519537719,414-054040
4,11.932,420.0,189.0,89147.26163281407,414-054015
5,12.064,471.0,255.0,66845.45350460778,414-054046
