,v_mag_star,x_astropy,y_astropy,star_flux,source_ID
0,10.437000000000001,436.0,267.0,568160.5824491085,417-060786
1,10.592,393.0,163.0,510374.7807711693,417-060804
2,10.783,242.0,95.0,423630.38474362955,417-060760
3,10.936,135.0,184.0,356416.3095661552,417-060759
4,11.22,355.0,33.0,257206.0872130873,416-061948
5,11.572000000000001,353.0,245.0,223963.31221690786,416-061892
6,11.812000000000001,228.0,123.0,159012.43704037802,416-061914
7,12.105,433.0,48.0,136771.70504122425,416-061937
8,12.57,230.0,208.0,85420.93808870294,416-061963
