,v_mag_star,x_astropy,y_astropy,star_flux,source_ID
0,10.537,33.0,43.0,360847.4443046466,422-059131
1,11.276,468.0,20.0,200913.8987323902,421-060389
2,12.172,299.0,221.0,83051.75942640941,421-060359
3,12.216,211.0,30.0,81811.07286552123,421-060331
4,12.468,479.0,113.0,61847.15660633899,421-060404
5,12.974,450.0,204.0,41073.80466713089,421-060366
6,13.185,368.0,24.0,35772.7949263533,420-059824
7,13.196,234.0,142.0,33736.930197249276,420-059797
8,13.342,151.0,267.0,28740.033326712033,420-059766
