,v_mag_star,x_astropy,y_astropy,star_flux,source_ID
0,11.020999999999999,39.0,136.0,176536.74816522002,423-056794
1,12.479000000000001,239.0,35.0,48406.15035489802,423-056807
2,12.706,485.0,170.0,39946.862865955416,423-056769
3,12.862,381.0,50.0,36229.65652479935,423-056822
4,13.595999999999998,117.0,170.0,16710.938200769437,423-056767
5,13.735,50.0,99.0,19324.428054532025,423-056777
6,13.795,470.0,236.0,16098.559098768254,423-056829
7,13.892000000000001,444.0,126.0,15890.32418402184,422-054645
