,v_mag_star,x_astropy,y_astropy,star_flux,source_ID
0,10.937000000000001,467.0,262.0,284508.68438015046,413-053972
1,12.887,417.0,78.0,53197.41561662302,413-053999
2,13.258,199.0,62.0,37124.32277474484,413-053961
3,13.919,253.0,235.0,22418.679987999636,413-053976
4,13.994000000000002,146.0,95.0,20065.164621359283,412-050874
5,14.065999999999999,215.0,156.0,17468.633682935506,412-050870
6,14.136,141.0,250.0,19001.046211625293,412-050855
7,14.215,282.0,204.0,15583.942910271297,412-050903
